onnx/pgd_2_3_16.onnx,vnnlib/pgd_2_3_16_4021.vnnlib,100
onnx/pgd_2_3_16.onnx,vnnlib/pgd_2_3_16_9907.vnnlib,100
onnx/pgd_2_3_16.onnx,vnnlib/pgd_2_3_16_7308.vnnlib,100
onnx/pgd_2_3_16.onnx,vnnlib/pgd_2_3_16_3347.vnnlib,100
onnx/pgd_2_3_16.onnx,vnnlib/pgd_2_3_16_1159.vnnlib,100
onnx/pgd_2_3_16.onnx,vnnlib/pgd_2_3_16_7732.vnnlib,100
onnx/pgd_2_3_16.onnx,vnnlib/pgd_2_3_16_7047.vnnlib,100
onnx/pgd_2_3_16.onnx,vnnlib/pgd_2_3_16_9914.vnnlib,100
onnx/pgd_2_3_16.onnx,vnnlib/pgd_2_3_16_388.vnnlib,100
onnx/pgd_2_3_16.onnx,vnnlib/pgd_2_3_16_9371.vnnlib,100
onnx/pgd_2_3_16.onnx,vnnlib/pgd_2_3_16_566.vnnlib,100
onnx/pgd_2_3_16.onnx,vnnlib/pgd_2_3_16_3727.vnnlib,100
onnx/pgd_2_3_16.onnx,vnnlib/pgd_2_3_16_8722.vnnlib,100
onnx/pgd_2_3_16.onnx,vnnlib/pgd_2_3_16_5954.vnnlib,100
onnx/pgd_2_3_16.onnx,vnnlib/pgd_2_3_16_6470.vnnlib,100
onnx/pgd_2_3_16.onnx,vnnlib/pgd_2_3_16_1190.vnnlib,100
onnx/pgd_2_3_16.onnx,vnnlib/pgd_2_3_16_7196.vnnlib,100
onnx/pgd_2_3_16.onnx,vnnlib/pgd_2_3_16_1436.vnnlib,100
onnx/pgd_2_3_16.onnx,vnnlib/pgd_2_3_16_1871.vnnlib,100
onnx/pgd_2_3_16.onnx,vnnlib/pgd_2_3_16_7328.vnnlib,100
onnx/pgd_2_3_16.onnx,vnnlib/pgd_2_3_16_1210.vnnlib,100
onnx/pgd_2_3_16.onnx,vnnlib/pgd_2_3_16_4671.vnnlib,100
onnx/pgd_2_3_16.onnx,vnnlib/pgd_2_3_16_60.vnnlib,100
onnx/pgd_2_3_16.onnx,vnnlib/pgd_2_3_16_1546.vnnlib,100
onnx/pgd_2_3_16.onnx,vnnlib/pgd_2_3_16_3870.vnnlib,100
onnx/pgd_2_3_16.onnx,vnnlib/pgd_2_3_16_8998.vnnlib,100
onnx/pgd_2_3_16.onnx,vnnlib/pgd_2_3_16_3661.vnnlib,100
onnx/pgd_2_3_16.onnx,vnnlib/pgd_2_3_16_6908.vnnlib,100
onnx/pgd_2_3_16.onnx,vnnlib/pgd_2_3_16_9016.vnnlib,100
onnx/pgd_2_3_16.onnx,vnnlib/pgd_2_3_16_1179.vnnlib,100
onnx/pgd_2_3_16.onnx,vnnlib/pgd_2_3_16_7022.vnnlib,100
onnx/pgd_2_3_16.onnx,vnnlib/pgd_2_3_16_7320.vnnlib,100
onnx/pgd_2_3_16.onnx,vnnlib/pgd_2_3_16_9202.vnnlib,100
onnx/pgd_2_3_16.onnx,vnnlib/pgd_2_3_16_7396.vnnlib,100
onnx/pgd_2_3_16.onnx,vnnlib/pgd_2_3_16_9531.vnnlib,100
onnx/pgd_2_3_16.onnx,vnnlib/pgd_2_3_16_1029.vnnlib,100
onnx/pgd_2_3_16.onnx,vnnlib/pgd_2_3_16_7700.vnnlib,100
onnx/pgd_2_3_16.onnx,vnnlib/pgd_2_3_16_9779.vnnlib,100
onnx/pgd_2_3_16.onnx,vnnlib/pgd_2_3_16_5090.vnnlib,100
onnx/pgd_2_3_16.onnx,vnnlib/pgd_2_3_16_2913.vnnlib,100
onnx/pgd_2_3_16.onnx,vnnlib/pgd_2_3_16_5693.vnnlib,100
onnx/pgd_2_3_16.onnx,vnnlib/pgd_2_3_16_6749.vnnlib,100
onnx/pgd_2_3_16.onnx,vnnlib/pgd_2_3_16_9145.vnnlib,100
onnx/pgd_2_3_16.onnx,vnnlib/pgd_2_3_16_5339.vnnlib,100
onnx/pgd_2_3_16.onnx,vnnlib/pgd_2_3_16_5927.vnnlib,100
onnx/pgd_2_3_16.onnx,vnnlib/pgd_2_3_16_1264.vnnlib,100
onnx/pgd_2_3_16.onnx,vnnlib/pgd_2_3_16_1683.vnnlib,100
onnx/pgd_2_3_16.onnx,vnnlib/pgd_2_3_16_5288.vnnlib,100
onnx/pgd_2_3_16.onnx,vnnlib/pgd_2_3_16_5755.vnnlib,100
onnx/pgd_2_3_16.onnx,vnnlib/pgd_2_3_16_6818.vnnlib,100
onnx/pgd_2_3_16.onnx,vnnlib/pgd_2_3_16_5.vnnlib,100
onnx/pgd_2_3_16.onnx,vnnlib/pgd_2_3_16_1656.vnnlib,100
onnx/pgd_2_3_16.onnx,vnnlib/pgd_2_3_16_253.vnnlib,100
onnx/pgd_2_3_16.onnx,vnnlib/pgd_2_3_16_2776.vnnlib,100
onnx/pgd_2_3_16.onnx,vnnlib/pgd_2_3_16_5348.vnnlib,100
onnx/pgd_2_3_16.onnx,vnnlib/pgd_2_3_16_4070.vnnlib,100
onnx/pgd_2_3_16.onnx,vnnlib/pgd_2_3_16_8950.vnnlib,100
onnx/pgd_2_3_16.onnx,vnnlib/pgd_2_3_16_1174.vnnlib,100
onnx/pgd_2_3_16.onnx,vnnlib/pgd_2_3_16_6645.vnnlib,100
onnx/pgd_2_3_16.onnx,vnnlib/pgd_2_3_16_1647.vnnlib,100
onnx/pgd_2_3_16.onnx,vnnlib/pgd_2_3_16_8083.vnnlib,100
onnx/pgd_2_3_16.onnx,vnnlib/pgd_2_3_16_9739.vnnlib,100
onnx/pgd_2_3_16.onnx,vnnlib/pgd_2_3_16_6118.vnnlib,100
onnx/pgd_2_3_16.onnx,vnnlib/pgd_2_3_16_1005.vnnlib,100
onnx/pgd_2_3_16.onnx,vnnlib/pgd_2_3_16_7064.vnnlib,100
onnx/pgd_2_3_16.onnx,vnnlib/pgd_2_3_16_75.vnnlib,100
onnx/pgd_2_3_16.onnx,vnnlib/pgd_2_3_16_6999.vnnlib,100
onnx/pgd_2_3_16.onnx,vnnlib/pgd_2_3_16_9811.vnnlib,100
onnx/pgd_2_3_16.onnx,vnnlib/pgd_2_3_16_3527.vnnlib,100
onnx/pgd_2_3_16.onnx,vnnlib/pgd_2_3_16_3775.vnnlib,100
onnx/pgd_2_3_16.onnx,vnnlib/pgd_2_3_16_9470.vnnlib,100
onnx/pgd_2_3_16.onnx,vnnlib/pgd_2_3_16_9106.vnnlib,100
onnx/pgd_2_3_16.onnx,vnnlib/pgd_2_3_16_693.vnnlib,100
onnx/pgd_2_3_16.onnx,vnnlib/pgd_2_3_16_4456.vnnlib,100
onnx/pgd_2_3_16.onnx,vnnlib/pgd_2_3_16_8014.vnnlib,100
onnx/pgd_2_3_16.onnx,vnnlib/pgd_2_3_16_5921.vnnlib,100
onnx/pgd_2_3_16.onnx,vnnlib/pgd_2_3_16_5860.vnnlib,100
onnx/pgd_2_3_16.onnx,vnnlib/pgd_2_3_16_6219.vnnlib,100
onnx/pgd_2_3_16.onnx,vnnlib/pgd_2_3_16_5263.vnnlib,100
onnx/pgd_2_3_16.onnx,vnnlib/pgd_2_3_16_5928.vnnlib,100
onnx/pgd_2_3_16.onnx,vnnlib/pgd_2_3_16_9952.vnnlib,100
onnx/pgd_2_3_16.onnx,vnnlib/pgd_2_3_16_9247.vnnlib,100
onnx/pgd_2_3_16.onnx,vnnlib/pgd_2_3_16_3175.vnnlib,100
onnx/pgd_2_3_16.onnx,vnnlib/pgd_2_3_16_4778.vnnlib,100
onnx/pgd_2_3_16.onnx,vnnlib/pgd_2_3_16_7844.vnnlib,100
onnx/pgd_2_3_16.onnx,vnnlib/pgd_2_3_16_3547.vnnlib,100
onnx/pgd_2_3_16.onnx,vnnlib/pgd_2_3_16_9187.vnnlib,100
onnx/pgd_2_3_16.onnx,vnnlib/pgd_2_3_16_1201.vnnlib,100
onnx/pgd_2_3_16.onnx,vnnlib/pgd_2_3_16_2666.vnnlib,100
onnx/pgd_2_3_16.onnx,vnnlib/pgd_2_3_16_7274.vnnlib,100
onnx/pgd_2_3_16.onnx,vnnlib/pgd_2_3_16_241.vnnlib,100
onnx/pgd_2_3_16.onnx,vnnlib/pgd_2_3_16_9205.vnnlib,100
onnx/pgd_2_3_16.onnx,vnnlib/pgd_2_3_16_4789.vnnlib,100
onnx/pgd_2_3_16.onnx,vnnlib/pgd_2_3_16_2152.vnnlib,100
onnx/pgd_2_3_16.onnx,vnnlib/pgd_2_3_16_8709.vnnlib,100
onnx/pgd_2_3_16.onnx,vnnlib/pgd_2_3_16_9689.vnnlib,100
onnx/pgd_2_3_16.onnx,vnnlib/pgd_2_3_16_724.vnnlib,100
onnx/pgd_2_3_16.onnx,vnnlib/pgd_2_3_16_8458.vnnlib,100
onnx/pgd_2_3_16.onnx,vnnlib/pgd_2_3_16_2054.vnnlib,100
onnx/pgd_2_3_16.onnx,vnnlib/pgd_2_3_16_985.vnnlib,100
onnx/ibp_3_3_8.onnx,vnnlib/ibp_3_3_8_9119.vnnlib,100
onnx/ibp_3_3_8.onnx,vnnlib/ibp_3_3_8_2351.vnnlib,100
onnx/ibp_3_3_8.onnx,vnnlib/ibp_3_3_8_2675.vnnlib,100
onnx/ibp_3_3_8.onnx,vnnlib/ibp_3_3_8_4879.vnnlib,100
onnx/ibp_3_3_8.onnx,vnnlib/ibp_3_3_8_6025.vnnlib,100
onnx/ibp_3_3_8.onnx,vnnlib/ibp_3_3_8_6263.vnnlib,100
onnx/ibp_3_3_8.onnx,vnnlib/ibp_3_3_8_5233.vnnlib,100
onnx/ibp_3_3_8.onnx,vnnlib/ibp_3_3_8_6948.vnnlib,100
onnx/ibp_3_3_8.onnx,vnnlib/ibp_3_3_8_453.vnnlib,100
onnx/ibp_3_3_8.onnx,vnnlib/ibp_3_3_8_1808.vnnlib,100
onnx/ibp_3_3_8.onnx,vnnlib/ibp_3_3_8_2303.vnnlib,100
onnx/ibp_3_3_8.onnx,vnnlib/ibp_3_3_8_9481.vnnlib,100
onnx/ibp_3_3_8.onnx,vnnlib/ibp_3_3_8_6943.vnnlib,100
onnx/ibp_3_3_8.onnx,vnnlib/ibp_3_3_8_7011.vnnlib,100
onnx/ibp_3_3_8.onnx,vnnlib/ibp_3_3_8_9708.vnnlib,100
onnx/ibp_3_3_8.onnx,vnnlib/ibp_3_3_8_580.vnnlib,100
onnx/ibp_3_3_8.onnx,vnnlib/ibp_3_3_8_9430.vnnlib,100
onnx/ibp_3_3_8.onnx,vnnlib/ibp_3_3_8_3375.vnnlib,100
onnx/ibp_3_3_8.onnx,vnnlib/ibp_3_3_8_7986.vnnlib,100
onnx/ibp_3_3_8.onnx,vnnlib/ibp_3_3_8_8863.vnnlib,100
onnx/ibp_3_3_8.onnx,vnnlib/ibp_3_3_8_167.vnnlib,100
onnx/ibp_3_3_8.onnx,vnnlib/ibp_3_3_8_7877.vnnlib,100
onnx/ibp_3_3_8.onnx,vnnlib/ibp_3_3_8_4997.vnnlib,100
onnx/ibp_3_3_8.onnx,vnnlib/ibp_3_3_8_4831.vnnlib,100
onnx/ibp_3_3_8.onnx,vnnlib/ibp_3_3_8_4640.vnnlib,100
onnx/ibp_3_3_8.onnx,vnnlib/ibp_3_3_8_1648.vnnlib,100
onnx/ibp_3_3_8.onnx,vnnlib/ibp_3_3_8_1796.vnnlib,100
onnx/ibp_3_3_8.onnx,vnnlib/ibp_3_3_8_4027.vnnlib,100
onnx/ibp_3_3_8.onnx,vnnlib/ibp_3_3_8_7889.vnnlib,100
onnx/ibp_3_3_8.onnx,vnnlib/ibp_3_3_8_9105.vnnlib,100
onnx/ibp_3_3_8.onnx,vnnlib/ibp_3_3_8_4316.vnnlib,100
onnx/ibp_3_3_8.onnx,vnnlib/ibp_3_3_8_4948.vnnlib,100
onnx/ibp_3_3_8.onnx,vnnlib/ibp_3_3_8_5402.vnnlib,100
onnx/ibp_3_3_8.onnx,vnnlib/ibp_3_3_8_3613.vnnlib,100
onnx/ibp_3_3_8.onnx,vnnlib/ibp_3_3_8_1140.vnnlib,100
onnx/ibp_3_3_8.onnx,vnnlib/ibp_3_3_8_971.vnnlib,100
onnx/ibp_3_3_8.onnx,vnnlib/ibp_3_3_8_4703.vnnlib,100
onnx/ibp_3_3_8.onnx,vnnlib/ibp_3_3_8_4974.vnnlib,100
onnx/ibp_3_3_8.onnx,vnnlib/ibp_3_3_8_7894.vnnlib,100
onnx/ibp_3_3_8.onnx,vnnlib/ibp_3_3_8_8386.vnnlib,100
onnx/ibp_3_3_8.onnx,vnnlib/ibp_3_3_8_7227.vnnlib,100
onnx/ibp_3_3_8.onnx,vnnlib/ibp_3_3_8_5251.vnnlib,100
onnx/ibp_3_3_8.onnx,vnnlib/ibp_3_3_8_1973.vnnlib,100
onnx/ibp_3_3_8.onnx,vnnlib/ibp_3_3_8_6091.vnnlib,100
onnx/ibp_3_3_8.onnx,vnnlib/ibp_3_3_8_4199.vnnlib,100
onnx/ibp_3_3_8.onnx,vnnlib/ibp_3_3_8_1666.vnnlib,100
onnx/ibp_3_3_8.onnx,vnnlib/ibp_3_3_8_8783.vnnlib,100
onnx/ibp_3_3_8.onnx,vnnlib/ibp_3_3_8_6027.vnnlib,100
onnx/ibp_3_3_8.onnx,vnnlib/ibp_3_3_8_8025.vnnlib,100
onnx/ibp_3_3_8.onnx,vnnlib/ibp_3_3_8_6096.vnnlib,100
onnx/ibp_3_3_8.onnx,vnnlib/ibp_3_3_8_8694.vnnlib,100
onnx/ibp_3_3_8.onnx,vnnlib/ibp_3_3_8_7116.vnnlib,100
onnx/ibp_3_3_8.onnx,vnnlib/ibp_3_3_8_3692.vnnlib,100
onnx/ibp_3_3_8.onnx,vnnlib/ibp_3_3_8_2339.vnnlib,100
onnx/ibp_3_3_8.onnx,vnnlib/ibp_3_3_8_3105.vnnlib,100
onnx/ibp_3_3_8.onnx,vnnlib/ibp_3_3_8_460.vnnlib,100
onnx/ibp_3_3_8.onnx,vnnlib/ibp_3_3_8_1829.vnnlib,100
onnx/ibp_3_3_8.onnx,vnnlib/ibp_3_3_8_828.vnnlib,100
onnx/ibp_3_3_8.onnx,vnnlib/ibp_3_3_8_9687.vnnlib,100
onnx/ibp_3_3_8.onnx,vnnlib/ibp_3_3_8_6300.vnnlib,100
onnx/ibp_3_3_8.onnx,vnnlib/ibp_3_3_8_8591.vnnlib,100
onnx/ibp_3_3_8.onnx,vnnlib/ibp_3_3_8_1266.vnnlib,100
onnx/ibp_3_3_8.onnx,vnnlib/ibp_3_3_8_5342.vnnlib,100
onnx/ibp_3_3_8.onnx,vnnlib/ibp_3_3_8_8137.vnnlib,100
onnx/ibp_3_3_8.onnx,vnnlib/ibp_3_3_8_7157.vnnlib,100
onnx/ibp_3_3_8.onnx,vnnlib/ibp_3_3_8_3683.vnnlib,100
onnx/ibp_3_3_8.onnx,vnnlib/ibp_3_3_8_3131.vnnlib,100
onnx/ibp_3_3_8.onnx,vnnlib/ibp_3_3_8_4065.vnnlib,100
onnx/ibp_3_3_8.onnx,vnnlib/ibp_3_3_8_8445.vnnlib,100
onnx/ibp_3_3_8.onnx,vnnlib/ibp_3_3_8_8748.vnnlib,100
onnx/ibp_3_3_8.onnx,vnnlib/ibp_3_3_8_8916.vnnlib,100
onnx/ibp_3_3_8.onnx,vnnlib/ibp_3_3_8_2949.vnnlib,100
onnx/ibp_3_3_8.onnx,vnnlib/ibp_3_3_8_8918.vnnlib,100
onnx/ibp_3_3_8.onnx,vnnlib/ibp_3_3_8_3266.vnnlib,100
onnx/ibp_3_3_8.onnx,vnnlib/ibp_3_3_8_3031.vnnlib,100
onnx/ibp_3_3_8.onnx,vnnlib/ibp_3_3_8_4846.vnnlib,100
onnx/ibp_3_3_8.onnx,vnnlib/ibp_3_3_8_837.vnnlib,100
onnx/ibp_3_3_8.onnx,vnnlib/ibp_3_3_8_4861.vnnlib,100
onnx/ibp_3_3_8.onnx,vnnlib/ibp_3_3_8_7364.vnnlib,100
onnx/ibp_3_3_8.onnx,vnnlib/ibp_3_3_8_4524.vnnlib,100
onnx/ibp_3_3_8.onnx,vnnlib/ibp_3_3_8_1367.vnnlib,100
onnx/ibp_3_3_8.onnx,vnnlib/ibp_3_3_8_8440.vnnlib,100
onnx/ibp_3_3_8.onnx,vnnlib/ibp_3_3_8_9062.vnnlib,100
onnx/ibp_3_3_8.onnx,vnnlib/ibp_3_3_8_9895.vnnlib,100
onnx/ibp_3_3_8.onnx,vnnlib/ibp_3_3_8_8189.vnnlib,100
onnx/ibp_3_3_8.onnx,vnnlib/ibp_3_3_8_4775.vnnlib,100
onnx/ibp_3_3_8.onnx,vnnlib/ibp_3_3_8_8481.vnnlib,100
onnx/ibp_3_3_8.onnx,vnnlib/ibp_3_3_8_2738.vnnlib,100
onnx/ibp_3_3_8.onnx,vnnlib/ibp_3_3_8_6056.vnnlib,100
onnx/ibp_3_3_8.onnx,vnnlib/ibp_3_3_8_4559.vnnlib,100
onnx/ibp_3_3_8.onnx,vnnlib/ibp_3_3_8_1279.vnnlib,100
onnx/ibp_3_3_8.onnx,vnnlib/ibp_3_3_8_1678.vnnlib,100
onnx/ibp_3_3_8.onnx,vnnlib/ibp_3_3_8_5899.vnnlib,100
onnx/ibp_3_3_8.onnx,vnnlib/ibp_3_3_8_6401.vnnlib,100
onnx/ibp_3_3_8.onnx,vnnlib/ibp_3_3_8_3850.vnnlib,100
onnx/ibp_3_3_8.onnx,vnnlib/ibp_3_3_8_9344.vnnlib,100
onnx/ibp_3_3_8.onnx,vnnlib/ibp_3_3_8_260.vnnlib,100
onnx/ibp_3_3_8.onnx,vnnlib/ibp_3_3_8_786.vnnlib,100
onnx/ibp_3_3_8.onnx,vnnlib/ibp_3_3_8_2157.vnnlib,100
onnx/ibp_3_3_8.onnx,vnnlib/ibp_3_3_8_8309.vnnlib,100
