onnx/mnist_concat.onnx,vnnlib/index7165_delta0.13.vnnlib,300
onnx/mnist_concat.onnx,vnnlib/index8402_delta0.13.vnnlib,300
onnx/mnist_concat.onnx,vnnlib/index7657_delta0.13.vnnlib,300
onnx/mnist_concat.onnx,vnnlib/index4857_delta0.13.vnnlib,300
onnx/mnist_concat.onnx,vnnlib/index1682_delta0.13.vnnlib,300
onnx/mnist_concat.onnx,vnnlib/index7701_delta0.13.vnnlib,300
onnx/mnist_concat.onnx,vnnlib/index2738_delta0.13.vnnlib,300
onnx/mnist_concat.onnx,vnnlib/index4452_delta0.13.vnnlib,300
onnx/mnist_concat.onnx,vnnlib/index188_delta0.13.vnnlib,300
onnx/mnist_concat.onnx,vnnlib/index1895_delta0.13.vnnlib,300
onnx/mnist_concat.onnx,vnnlib/index7849_delta0.13.vnnlib,300
onnx/mnist_concat.onnx,vnnlib/index9092_delta0.13.vnnlib,300
onnx/mnist_concat.onnx,vnnlib/index6226_delta0.13.vnnlib,300
onnx/mnist_concat.onnx,vnnlib/index8335_delta0.13.vnnlib,300
onnx/mnist_concat.onnx,vnnlib/index3980_delta0.13.vnnlib,300
onnx/mnist_concat.onnx,vnnlib/index3529_delta0.13.vnnlib,300
onnx/mnist_concat.onnx,vnnlib/index743_delta0.13.vnnlib,300
onnx/mnist_concat.onnx,vnnlib/index1265_delta0.13.vnnlib,300
onnx/mnist_concat.onnx,vnnlib/index9141_delta0.13.vnnlib,300
onnx/mnist_concat.onnx,vnnlib/index8433_delta0.13.vnnlib,300
onnx/mnist_concat.onnx,vnnlib/index5814_delta0.13.vnnlib,300
onnx/mnist_concat.onnx,vnnlib/index587_delta0.13.vnnlib,300
onnx/mnist_concat.onnx,vnnlib/index8634_delta0.13.vnnlib,300
onnx/mnist_concat.onnx,vnnlib/index3463_delta0.13.vnnlib,300
onnx/mnist_concat.onnx,vnnlib/index7647_delta0.13.vnnlib,300
onnx/mnist_concat.onnx,vnnlib/index1960_delta0.13.vnnlib,300
onnx/mnist_concat.onnx,vnnlib/index837_delta0.13.vnnlib,300
onnx/mnist_concat.onnx,vnnlib/index7871_delta0.13.vnnlib,300
onnx/mnist_concat.onnx,vnnlib/index6911_delta0.13.vnnlib,300
onnx/mnist_concat.onnx,vnnlib/index4166_delta0.13.vnnlib,300
onnx/mnist_concat.onnx,vnnlib/index3517_delta0.13.vnnlib,300
onnx/mnist_concat.onnx,vnnlib/index3722_delta0.13.vnnlib,300
onnx/mnist_concat.onnx,vnnlib/index499_delta0.13.vnnlib,300
onnx/mnist_concat.onnx,vnnlib/index4474_delta0.13.vnnlib,300
onnx/mnist_concat.onnx,vnnlib/index2673_delta0.13.vnnlib,300
onnx/mnist_concat.onnx,vnnlib/index3294_delta0.13.vnnlib,300
onnx/mnist_concat.onnx,vnnlib/index8943_delta0.13.vnnlib,300
onnx/mnist_concat.onnx,vnnlib/index4934_delta0.13.vnnlib,300
onnx/mnist_concat.onnx,vnnlib/index8927_delta0.13.vnnlib,300
onnx/mnist_concat.onnx,vnnlib/index7082_delta0.13.vnnlib,300
onnx/mnist_concat.onnx,vnnlib/index7930_delta0.13.vnnlib,300
onnx/mnist_concat.onnx,vnnlib/index6679_delta0.13.vnnlib,300
onnx/mnist_concat.onnx,vnnlib/index4515_delta0.13.vnnlib,300
onnx/mnist_concat.onnx,vnnlib/index7172_delta0.13.vnnlib,300
onnx/mnist_concat.onnx,vnnlib/index3177_delta0.13.vnnlib,300
onnx/mnist_concat.onnx,vnnlib/index895_delta0.13.vnnlib,300
onnx/mnist_concat.onnx,vnnlib/index1408_delta0.13.vnnlib,300
onnx/mnist_concat.onnx,vnnlib/index5084_delta0.13.vnnlib,300
onnx/mnist_concat.onnx,vnnlib/index337_delta0.13.vnnlib,300
onnx/mnist_concat.onnx,vnnlib/index5258_delta0.13.vnnlib,300
onnx/mnist_concat.onnx,vnnlib/index6745_delta0.13.vnnlib,300
onnx/mnist_concat.onnx,vnnlib/index5018_delta0.13.vnnlib,300
onnx/mnist_concat.onnx,vnnlib/index3238_delta0.13.vnnlib,300
onnx/mnist_concat.onnx,vnnlib/index9673_delta0.13.vnnlib,300
onnx/mnist_concat.onnx,vnnlib/index1028_delta0.13.vnnlib,300
onnx/mnist_concat.onnx,vnnlib/index1852_delta0.13.vnnlib,300
onnx/mnist_concat.onnx,vnnlib/index8747_delta0.13.vnnlib,300
onnx/mnist_concat.onnx,vnnlib/index8407_delta0.13.vnnlib,300
onnx/mnist_concat.onnx,vnnlib/index3292_delta0.13.vnnlib,300
onnx/mnist_concat.onnx,vnnlib/index9991_delta0.13.vnnlib,300
onnx/mnist_concat.onnx,vnnlib/index4038_delta0.13.vnnlib,300
onnx/mnist_concat.onnx,vnnlib/index1475_delta0.13.vnnlib,300
onnx/mnist_concat.onnx,vnnlib/index8281_delta0.13.vnnlib,300
onnx/mnist_concat.onnx,vnnlib/index9850_delta0.13.vnnlib,300
onnx/mnist_concat.onnx,vnnlib/index4989_delta0.13.vnnlib,300
onnx/mnist_concat.onnx,vnnlib/index5602_delta0.13.vnnlib,300
onnx/mnist_concat.onnx,vnnlib/index442_delta0.13.vnnlib,300
onnx/mnist_concat.onnx,vnnlib/index7838_delta0.13.vnnlib,300
onnx/mnist_concat.onnx,vnnlib/index7925_delta0.13.vnnlib,300
onnx/mnist_concat.onnx,vnnlib/index7364_delta0.13.vnnlib,300
onnx/mnist_concat.onnx,vnnlib/index7284_delta0.13.vnnlib,300
onnx/mnist_concat.onnx,vnnlib/index6692_delta0.13.vnnlib,300
