onnx/vgg16-7.onnx,vnnlib/spec0_pretzel.vnnlib,1200
onnx/vgg16-7.onnx,vnnlib/spec1_football_helmet.vnnlib,1200
onnx/vgg16-7.onnx,vnnlib/spec2_grey_whale.vnnlib,1200
onnx/vgg16-7.onnx,vnnlib/spec3_African_crocodile.vnnlib,1200
onnx/vgg16-7.onnx,vnnlib/spec4_Norfolk_terrier.vnnlib,1200
onnx/vgg16-7.onnx,vnnlib/spec5_shopping_cart.vnnlib,1200
onnx/vgg16-7.onnx,vnnlib/spec6_groom.vnnlib,1200
onnx/vgg16-7.onnx,vnnlib/spec7_howler_monkey.vnnlib,1200
onnx/vgg16-7.onnx,vnnlib/spec8_sunscreen.vnnlib,1200
onnx/vgg16-7.onnx,vnnlib/spec9_Border_terrier.vnnlib,1200
onnx/vgg16-7.onnx,vnnlib/spec10_beacon.vnnlib,1200
onnx/vgg16-7.onnx,vnnlib/spec11_EntleBucher.vnnlib,1200
onnx/vgg16-7.onnx,vnnlib/spec12_Dutch_oven.vnnlib,1200
onnx/vgg16-7.onnx,vnnlib/spec13_steel_drum.vnnlib,1200
onnx/vgg16-7.onnx,vnnlib/spec14_Afghan_hound.vnnlib,1200
onnx/vgg16-7.onnx,vnnlib/spec15_carpenter's_kit.vnnlib,1200
onnx/vgg16-7.onnx,vnnlib/spec16_restaurant.vnnlib,1200
onnx/vgg16-7.onnx,vnnlib/spec17_golf_ball.vnnlib,1200
